{
  "project_info": {
    "project_number": "175525727174",
    "project_id": "petshop-ae838",
    "storage_bucket": "petshop-ae838.appspot.com"
  },
  "client": [
    {
      "client_info": {
        "mobilesdk_app_id": "1:175525727174:android:9b7c15ef88f44ba47cc0c7",
        "android_client_info": {
          "package_name": "com.example.petshop"
        }
      },
      "oauth_client": [
        {
          "client_id": "175525727174-72od5u342cfmdhks978arngevbpkbiob.apps.googleusercontent.com",
          "client_type": 3
        }
      ],
      "api_key": [
        {
          "current_key": "AIzaSyAIgG6BqDpTvrLCuFQcp8oOe6x1CJMPqiI"
        }
      ],
      "services": {
        "appinvite_service": {
          "other_platform_oauth_client": [
            {
              "client_id": "175525727174-72od5u342cfmdhks978arngevbpkbiob.apps.googleusercontent.com",
              "client_type": 3
            }
          ]
        }
      }
    }
  ],
  "configuration_version": "1"
}